{
  "content": [
    {
      "path": "MSFSLayoutGenerator.exe",
      "size": 364544,
      "date": 132973493893835604
    },
    {
      "path": "SimObjects/Airplanes/FNX_320_CFM_GEW-7G-VCC/aircraft.cfg",
      "size": 960,
      "date": 133545535366753113
    },
    {
      "path": "SimObjects/Airplanes/FNX_320_CFM_GEW-7G-VCC/TEXTURE.GEW-7G-VCC/A320_CABIN_DECAL_ALBD.PNG.DDS",
      "size": 16777344,
      "date": 133536931741930104
    },
    {
      "path": "SimObjects/Airplanes/FNX_320_CFM_GEW-7G-VCC/TEXTURE.GEW-7G-VCC/A320_cabin_decal_albd.png.DDS.FLAGS",
      "size": 18,
      "date": 133536931742259229
    },
    {
      "path": "SimObjects/Airplanes/FNX_320_CFM_GEW-7G-VCC/TEXTURE.GEW-7G-VCC/A320_CABIN_DECAL_ALBD.PNG.DDS.json",
      "size": 100,
      "date": 133536931742578372
    },
    {
      "path": "SimObjects/Airplanes/FNX_320_CFM_GEW-7G-VCC/TEXTURE.GEW-7G-VCC/A320_CABIN_SEATS_ALBD.PNG.DDS",
      "size": 699192,
      "date": 133545552351988873
    },
    {
      "path": "SimObjects/Airplanes/FNX_320_CFM_GEW-7G-VCC/TEXTURE.GEW-7G-VCC/A320_cabin_seats_albd.png.DDS.FLAGS",
      "size": 17,
      "date": 133545549291532404
    },
    {
      "path": "SimObjects/Airplanes/FNX_320_CFM_GEW-7G-VCC/TEXTURE.GEW-7G-VCC/A320_CABIN_SEATS_ALBD.PNG.DDS.json",
      "size": 102,
      "date": 133545549292149524
    },
    {
      "path": "SimObjects/Airplanes/FNX_320_CFM_GEW-7G-VCC/TEXTURE.GEW-7G-VCC/A320_CFM_COWLING_ALBD.PNG.DDS",
      "size": 11184952,
      "date": 133545552816222846
    },
    {
      "path": "SimObjects/Airplanes/FNX_320_CFM_GEW-7G-VCC/TEXTURE.GEW-7G-VCC/A320_CFM_cowling_Albd.png.DDS.FLAGS",
      "size": 18,
      "date": 133536931744104293
    },
    {
      "path": "SimObjects/Airplanes/FNX_320_CFM_GEW-7G-VCC/TEXTURE.GEW-7G-VCC/A320_CFM_COWLING_ALBD.PNG.DDS.json",
      "size": 83,
      "date": 133536931744443391
    },
    {
      "path": "SimObjects/Airplanes/FNX_320_CFM_GEW-7G-VCC/TEXTURE.GEW-7G-VCC/A320_DECALS_DOORS_ALBD.PNG.DDS",
      "size": 16777344,
      "date": 133539555733862797
    },
    {
      "path": "SimObjects/Airplanes/FNX_320_CFM_GEW-7G-VCC/TEXTURE.GEW-7G-VCC/A320_DECALS_DOORS_ALBD.PNG.DDS.json",
      "size": 119,
      "date": 133539555736615593
    },
    {
      "path": "SimObjects/Airplanes/FNX_320_CFM_GEW-7G-VCC/TEXTURE.GEW-7G-VCC/A320_DECALS_EXTERIOR_ALBD.PNG.DDS",
      "size": 44739384,
      "date": 133537721603025375
    },
    {
      "path": "SimObjects/Airplanes/FNX_320_CFM_GEW-7G-VCC/TEXTURE.GEW-7G-VCC/A320_Decals_Exterior_Albd.png.DDS.FLAGS",
      "size": 18,
      "date": 133536931768982372
    },
    {
      "path": "SimObjects/Airplanes/FNX_320_CFM_GEW-7G-VCC/TEXTURE.GEW-7G-VCC/A320_DECALS_EXTERIOR_ALBD.PNG.DDS.json",
      "size": 100,
      "date": 133536931769311266
    },
    {
      "path": "SimObjects/Airplanes/FNX_320_CFM_GEW-7G-VCC/TEXTURE.GEW-7G-VCC/A320_FUSE_1_ALBD.PNG.DDS",
      "size": 44739384,
      "date": 133545553002271428
    },
    {
      "path": "SimObjects/Airplanes/FNX_320_CFM_GEW-7G-VCC/TEXTURE.GEW-7G-VCC/A320_fuse_1_albd.png.DDS.FLAGS",
      "size": 18,
      "date": 133536931775085835
    },
    {
      "path": "SimObjects/Airplanes/FNX_320_CFM_GEW-7G-VCC/TEXTURE.GEW-7G-VCC/A320_FUSE_1_ALBD.PNG.DDS.json",
      "size": 83,
      "date": 133536931775424932
    },
    {
      "path": "SimObjects/Airplanes/FNX_320_CFM_GEW-7G-VCC/TEXTURE.GEW-7G-VCC/A320_FUSE_2_ALBD.PNG.DDS",
      "size": 44739384,
      "date": 133545553193509207
    },
    {
      "path": "SimObjects/Airplanes/FNX_320_CFM_GEW-7G-VCC/TEXTURE.GEW-7G-VCC/A320_fuse_2_albd.png.DDS.FLAGS",
      "size": 18,
      "date": 133536931797456033
    },
    {
      "path": "SimObjects/Airplanes/FNX_320_CFM_GEW-7G-VCC/TEXTURE.GEW-7G-VCC/A320_FUSE_2_ALBD.PNG.DDS.json",
      "size": 83,
      "date": 133536931797844992
    },
    {
      "path": "SimObjects/Airplanes/FNX_320_CFM_GEW-7G-VCC/TEXTURE.GEW-7G-VCC/A320_FUSE_3_ALBD.PNG.DDS",
      "size": 44739384,
      "date": 133545553430660886
    },
    {
      "path": "SimObjects/Airplanes/FNX_320_CFM_GEW-7G-VCC/TEXTURE.GEW-7G-VCC/A320_fuse_3_albd.png.DDS.FLAGS",
      "size": 18,
      "date": 133536931803579664
    },
    {
      "path": "SimObjects/Airplanes/FNX_320_CFM_GEW-7G-VCC/TEXTURE.GEW-7G-VCC/A320_FUSE_3_ALBD.PNG.DDS.json",
      "size": 83,
      "date": 133536931803908787
    },
    {
      "path": "SimObjects/Airplanes/FNX_320_CFM_GEW-7G-VCC/TEXTURE.GEW-7G-VCC/A320_TAIL_ALBD.PNG.DDS",
      "size": 44739384,
      "date": 133545553625867782
    },
    {
      "path": "SimObjects/Airplanes/FNX_320_CFM_GEW-7G-VCC/TEXTURE.GEW-7G-VCC/A320_tail_albd.png.DDS.FLAGS",
      "size": 18,
      "date": 133490408360000000
    },
    {
      "path": "SimObjects/Airplanes/FNX_320_CFM_GEW-7G-VCC/TEXTURE.GEW-7G-VCC/A320_TAIL_ALBD.PNG.DDS.json",
      "size": 83,
      "date": 133490408360000000
    },
    {
      "path": "SimObjects/Airplanes/FNX_320_CFM_GEW-7G-VCC/TEXTURE.GEW-7G-VCC/A320_TAIL_COMP.PNG.DDS",
      "size": 33554560,
      "date": 133516427700000000
    },
    {
      "path": "SimObjects/Airplanes/FNX_320_CFM_GEW-7G-VCC/TEXTURE.GEW-7G-VCC/A320_tail_comp.png.DDS.FLAGS",
      "size": 18,
      "date": 133516427700000000
    },
    {
      "path": "SimObjects/Airplanes/FNX_320_CFM_GEW-7G-VCC/TEXTURE.GEW-7G-VCC/A320_TAIL_COMP.PNG.DDS.json",
      "size": 147,
      "date": 133516427700000000
    },
    {
      "path": "SimObjects/Airplanes/FNX_320_CFM_GEW-7G-VCC/TEXTURE.GEW-7G-VCC/A320_WINGTIP_FENCE_ALBD.PNG.DDS",
      "size": 2796344,
      "date": 133539531049829854
    },
    {
      "path": "SimObjects/Airplanes/FNX_320_CFM_GEW-7G-VCC/TEXTURE.GEW-7G-VCC/A320_wingtip_fence_albd.png.DDS.FLAGS",
      "size": 18,
      "date": 133536931838792652
    },
    {
      "path": "SimObjects/Airplanes/FNX_320_CFM_GEW-7G-VCC/TEXTURE.GEW-7G-VCC/A320_WINGTIP_FENCE_ALBD.PNG.DDS.json",
      "size": 83,
      "date": 133536931839141719
    },
    {
      "path": "SimObjects/Airplanes/FNX_320_CFM_GEW-7G-VCC/TEXTURE.GEW-7G-VCC/A32X_FAP_DECAL.PNG.DDS",
      "size": 4421776,
      "date": 133545547003772482
    },
    {
      "path": "SimObjects/Airplanes/FNX_320_CFM_GEW-7G-VCC/TEXTURE.GEW-7G-VCC/A32X_FAP_DECAL.PNG.DDS.json",
      "size": 102,
      "date": 133545545121984609
    },
    {
      "path": "SimObjects/Airplanes/FNX_320_CFM_GEW-7G-VCC/TEXTURE.GEW-7G-VCC/A32X_WING_ALBD.PNG.DDS",
      "size": 44739384,
      "date": 133536931855896935
    },
    {
      "path": "SimObjects/Airplanes/FNX_320_CFM_GEW-7G-VCC/TEXTURE.GEW-7G-VCC/A32X_WING_ALBD.PNG.DDS.json",
      "size": 102,
      "date": 133536931856255977
    },
    {
      "path": "SimObjects/Airplanes/FNX_320_CFM_GEW-7G-VCC/TEXTURE.GEW-7G-VCC/A32X_WING_DECAL_ALBD.PNG.DDS",
      "size": 1048724,
      "date": 133536931856694801
    },
    {
      "path": "SimObjects/Airplanes/FNX_320_CFM_GEW-7G-VCC/TEXTURE.GEW-7G-VCC/A32X_WING_DECAL_ALBD.PNG.DDS.json",
      "size": 119,
      "date": 133536931857023917
    },
    {
      "path": "SimObjects/Airplanes/FNX_320_CFM_GEW-7G-VCC/TEXTURE.GEW-7G-VCC/texture.CFG",
      "size": 131,
      "date": 133536931857343073
    },
    {
      "path": "SimObjects/Airplanes/FNX_320_CFM_GEW-7G-VCC/TEXTURE.GEW-7G-VCC/thumbnail.jpg",
      "size": 52222,
      "date": 133539535750416974
    },
    {
      "path": "SimObjects/Airplanes/FNX_320_CFM_GEW-7G-VCC/TEXTURE.GEW-7G-VCC/thumbnail_small.jpg",
      "size": 22248,
      "date": 133539535885504277
    }
  ]
}