{
  "content": [
	{
	  "path": "Install_ReadMe.txt",
	  "size": 1125,
	  "date": 1606995202000
	},
	{
	  "path": "SimObjects/Airplanes/Asobo_Baron_G58-GEW-7G-VUK/aircraft.cfg",
	  "size": 1999,
	  "date": 1629381725104
	},
	{
	  "path": "SimObjects/Airplanes/Asobo_Baron_G58-GEW-7G-VUK/MODEL.GEW-7G-VUK/model.CFG",
	  "size": 272,
	  "date": 1629381824371
	},
	{
	  "path": "SimObjects/Airplanes/Asobo_Baron_G58-GEW-7G-VUK/TEXTURE.GEW-7G-VUK/BARONG58_AIRFRAME_ENGINE_ALBD.PNG.DDS",
	  "size": 22369796,
	  "date": 1606645360000
	},
	{
	  "path": "SimObjects/Airplanes/Asobo_Baron_G58-GEW-7G-VUK/TEXTURE.GEW-7G-VUK/BARONG58_AIRFRAME_ENGINE_ALBD.PNG.DDS.json",
	  "size": 102,
	  "date": 1598434772000
	},
	{
	  "path": "SimObjects/Airplanes/Asobo_Baron_G58-GEW-7G-VUK/TEXTURE.GEW-7G-VUK/BARONG58_AIRFRAME_FUSELAGE_ALBD.PNG.DDS",
	  "size": 22369796,
	  "date": 1606755350000
	},
	{
	  "path": "SimObjects/Airplanes/Asobo_Baron_G58-GEW-7G-VUK/TEXTURE.GEW-7G-VUK/BARONG58_AIRFRAME_FUSELAGE_ALBD.PNG.DDS.json",
	  "size": 102,
	  "date": 1598434772000
	},
	{
	  "path": "SimObjects/Airplanes/Asobo_Baron_G58-GEW-7G-VUK/TEXTURE.GEW-7G-VUK/BARONG58_AIRFRAME_FUSELAGE_COMP.PNG.DDS",
	  "size": 5592580,
	  "date": 1606751188000
	},
	{
	  "path": "SimObjects/Airplanes/Asobo_Baron_G58-GEW-7G-VUK/TEXTURE.GEW-7G-VUK/BARONG58_AIRFRAME_FUSELAGE_COMP.PNG.DDS.json",
	  "size": 191,
	  "date": 1597714312000
	},
	{
	  "path": "SimObjects/Airplanes/Asobo_Baron_G58-GEW-7G-VUK/TEXTURE.GEW-7G-VUK/BARONG58_AIRFRAME_PAINT_ALBD.PNG.DDS",
	  "size": 5636,
	  "date": 1606489982000
	},
	{
	  "path": "SimObjects/Airplanes/Asobo_Baron_G58-GEW-7G-VUK/TEXTURE.GEW-7G-VUK/BARONG58_AIRFRAME_PAINT_ALBD.PNG.DDS.json",
	  "size": 102,
	  "date": 1598434770000
	},
	{
	  "path": "SimObjects/Airplanes/Asobo_Baron_G58-GEW-7G-VUK/TEXTURE.GEW-7G-VUK/BARONG58_AIRFRAME_PROP_BLURRED.PNG.dds",
	  "size": 1398276,
	  "date": 1606904048000
	},
	{
	  "path": "SimObjects/Airplanes/Asobo_Baron_G58-GEW-7G-VUK/TEXTURE.GEW-7G-VUK/BARONG58_AIRFRAME_PROP_BLURRED.PNG.DDS.json",
	  "size": 119,
	  "date": 1597714312000
	},
	{
	  "path": "SimObjects/Airplanes/Asobo_Baron_G58-GEW-7G-VUK/TEXTURE.GEW-7G-VUK/BARONG58_AIRFRAME_WINGS_ALBD.PNG.DDS",
	  "size": 22369796,
	  "date": 1606986490000
	},
	{
	  "path": "SimObjects/Airplanes/Asobo_Baron_G58-GEW-7G-VUK/TEXTURE.GEW-7G-VUK/BARONG58_AIRFRAME_WINGS_ALBD.PNG.DDS.json",
	  "size": 102,
	  "date": 1598434772000
	},
	{
	  "path": "SimObjects/Airplanes/Asobo_Baron_G58-GEW-7G-VUK/TEXTURE.GEW-7G-VUK/BARONG58_COCKPIT_CABIN_ALBD.PNG.DDS",
	  "size": 5592580,
	  "date": 1606742028000
	},
	{
	  "path": "SimObjects/Airplanes/Asobo_Baron_G58-GEW-7G-VUK/TEXTURE.GEW-7G-VUK/BARONG58_COCKPIT_CABIN_ALBD.PNG.DDS.json",
	  "size": 102,
	  "date": 1597714312000
	},
	{
	  "path": "SimObjects/Airplanes/Asobo_Baron_G58-GEW-7G-VUK/TEXTURE.GEW-7G-VUK/BARONG58_COCKPIT_CARPET_ALBD.PNG.dds",
	  "size": 5592580,
	  "date": 1606492348000
	},
	{
	  "path": "SimObjects/Airplanes/Asobo_Baron_G58-GEW-7G-VUK/TEXTURE.GEW-7G-VUK/BARONG58_COCKPIT_CARPET_ALBD.PNG.DDS.json",
	  "size": 102,
	  "date": 1597714312000
	},
	{
	  "path": "SimObjects/Airplanes/Asobo_Baron_G58-GEW-7G-VUK/TEXTURE.GEW-7G-VUK/BARONG58_COCKPIT_PANEL_ALBD.PNG.dds",
	  "size": 4194432,
	  "date": 1601837830000
	},
	{
	  "path": "SimObjects/Airplanes/Asobo_Baron_G58-GEW-7G-VUK/TEXTURE.GEW-7G-VUK/BARONG58_COCKPIT_PANEL_ALBD.PNG.DDS.json",
	  "size": 102,
	  "date": 1597714312000
	},
	{
	  "path": "SimObjects/Airplanes/Asobo_Baron_G58-GEW-7G-VUK/TEXTURE.GEW-7G-VUK/BARONG58_COCKPIT_SEATS_ALBD.PNG.DDS",
	  "size": 5592580,
	  "date": 1606745314000
	},
	{
	  "path": "SimObjects/Airplanes/Asobo_Baron_G58-GEW-7G-VUK/TEXTURE.GEW-7G-VUK/BARONG58_COCKPIT_SEATS_ALBD.PNG.DDS.json",
	  "size": 102,
	  "date": 1597714312000
	},
	{
	  "path": "SimObjects/Airplanes/Asobo_Baron_G58-GEW-7G-VUK/TEXTURE.GEW-7G-VUK/BARONG58_COCKPIT_SHELL_ALBD.PNG.DDS",
	  "size": 5592580,
	  "date": 1606740200000
	},
	{
	  "path": "SimObjects/Airplanes/Asobo_Baron_G58-GEW-7G-VUK/TEXTURE.GEW-7G-VUK/BARONG58_COCKPIT_SHELL_ALBD.PNG.DDS.json",
	  "size": 102,
	  "date": 1597714312000
	},
	{
	  "path": "SimObjects/Airplanes/Asobo_Baron_G58-GEW-7G-VUK/TEXTURE.GEW-7G-VUK/BARONG58_COCKPIT_YOKE_ALBD.PNG.DDS",
	  "size": 5592580,
	  "date": 1606744250000
	},
	{
	  "path": "SimObjects/Airplanes/Asobo_Baron_G58-GEW-7G-VUK/TEXTURE.GEW-7G-VUK/BARONG58_COCKPIT_YOKE_ALBD.PNG.DDS.json",
	  "size": 102,
	  "date": 1597714312000
	},
	{
	  "path": "SimObjects/Airplanes/Asobo_Baron_G58-GEW-7G-VUK/TEXTURE.GEW-7G-VUK/BARON_AIRFRAME_LOGOS_ALBD.TIF.DDS",
	  "size": 5592580,
	  "date": 1606489884000
	},
	{
	  "path": "SimObjects/Airplanes/Asobo_Baron_G58-GEW-7G-VUK/TEXTURE.GEW-7G-VUK/BARON_AIRFRAME_LOGOS_ALBD.TIF.DDS.json",
	  "size": 119,
	  "date": 1598434770000
	},
	{
      "path": "SimObjects/Airplanes/Asobo_Baron_G58-GEW-7G-VUK/TEXTURE.GEW-7G-VUK/BARONG58_COCKPIT_Decals_albd.tif.DDS",
      "size": 1398256,
      "date": 133003086652477633
    },
    {
      "path": "SimObjects/Airplanes/Asobo_Baron_G58-GEW-7G-VUK/TEXTURE.GEW-7G-VUK/BARONG58_COCKPIT_Decals_albd.tif.DDS.json",
      "size": 119,
      "date": 133003086652467661
    },
	{
	  "path": "SimObjects/Airplanes/Asobo_Baron_G58-GEW-7G-VUK/TEXTURE.GEW-7G-VUK/texture.CFG",
	  "size": 335,
	  "date": 1629381419644
	},
	{
	  "path": "SimObjects/Airplanes/Asobo_Baron_G58-GEW-7G-VUK/TEXTURE.GEW-7G-VUK/thumbnail.JPG",
	  "size": 276833,
	  "date": 1606815888000
	},
	{
	  "path": "SimObjects/Airplanes/Asobo_Baron_G58-GEW-7G-VUK/TEXTURE.GEW-7G-VUK/thumbnail_small.JPG",
	  "size": 65156,
	  "date": 1606815930000
	}
  ]
}
