{"Airline":"Getwings","Variation":"Standard","WingFeatures":"WTF","EngineType":"CFM56","CountryCode":"EG","Registration":"G-TWAK","Year":"2021","Title":"A320 - Getwings","ID":"GTWGTWAK","AircraftType":"A320","Quality":"HD","Version":"1.0","Checksums":[{"RelativeFilePath":"layout.json","Checksum":"a416c6058cf842a58f811656091aba6a8a1d3e9b50ee95ffdbcedf618f498db3"},{"RelativeFilePath":"manifest.json","Checksum":"6ee112950e3c4709623c5a76283904973270c968cd1c7082bc110b55bac17cfc"},{"RelativeFilePath":"SimObjects\\Airplanes\\FNX320_ GTWGTWAK \\aircraft.cfg","Checksum":"b7ce75d4692dfce95e985f30d67ba239acbee2677b7151e3fc817c460db52972"},{"RelativeFilePath":"SimObjects\\Airplanes\\FNX320_ GTWGTWAK \\TEXTURE. GTWGTWAK \\A320_CFM_L_ALBD.PNG.DDS","Checksum":"95620d5c719a309b7d7443b2dacc3779b42b287172f6bb3a100558bf41a181c7"},{"RelativeFilePath":"SimObjects\\Airplanes\\FNX320_ GTWGTWAK \\TEXTURE. GTWGTWAK \\A320_CFM_L_ALBD.PNG.DDS.json","Checksum":"62e77302018574300f25125c785aee470595092d5e46708c334cf0856785be6e"},{"RelativeFilePath":"SimObjects\\Airplanes\\FNX320_ GTWGTWAK \\TEXTURE.GTWGTWAK\\A320_CFM_R_ALBD.PNG.DDS","Checksum":"95620d5c719a309b7d7443b2dacc3779b42b287172f6bb3a100558bf41a181c7"},{"RelativeFilePath":"SimObjects\\Airplanes\\FNX320_ GTWGTWAK \\TEXTURE.GTWGTWAK \\A320_CFM_R_ALBD.PNG.DDS.json","Checksum":"70cb092f9b4b94dae840b885a7b442aaeb75aae037f2454acc5790826334d45d"},{"RelativeFilePath":"SimObjects\\Airplanes\\FNX320_ GTWGTWAK \\TEXTURE. GTWGTWAK \\A320_FUSE_1_ALBD.PNG.DDS","Checksum":"22e5fe0735b7dc4e3722977c330486d3d497efaf027ed89bc0a27f39fa1e810e"},{"RelativeFilePath":"SimObjects\\Airplanes\\FNX320_GTWGTWAK \\TEXTURE. GTWGTWAK \\A320_FUSE_1_ALBD.PNG.DDS.json","Checksum":"d71be0277240fac6fe533cd33c6044c81262f0f253afe59572b0b336abfd9749"},{"RelativeFilePath":"SimObjects\\Airplanes\\FNX320_ GTWGTWAK \\TEXTURE.GTWGTWAK \\A320_FUSE_2_ALBD.PNG.DDS","Checksum":"af01cd82f211e8ea879fcf25e6172d9875a9e077532345be6a5fa03f7ca01c1b"},{"RelativeFilePath":"SimObjects\\Airplanes\\FNX320_ GTWGTWAK \\TEXTURE.GTWGTWAK \\A320_FUSE_2_ALBD.PNG.DDS.json","Checksum":"f2a4d6fb8c143707c8e09b7df8c88ec78d65f5065c43d7886b2b15f224f2cc5d"},{"RelativeFilePath":"SimObjects\\Airplanes\\FNX320_ GTWGTWAK \\TEXTURE.GTWGTWAK \\A320_FUSE_3_ALBD.PNG.DDS","Checksum":"837d71acb3daa4e7a6f033fd714148b5b7dc6998aa24dcf2826f5c42dc488b7e"},{"RelativeFilePath":"SimObjects\\Airplanes\\FNX320_ GTWGTWAK \\TEXTURE.GTWGTWAK \\A320_FUSE_3_ALBD.PNG.DDS.json","Checksum":"3cf06b5bd9ca78fafe5a67efd56f21bb1b5e5cd59f4a321a47e4a692026776f4"},{"RelativeFilePath":"SimObjects\\Airplanes\\FNX320_GTWGTWAK \\TEXTURE.GTWGTWAK \\A320_TAIL_ALBD.PNG.DDS","Checksum":"b3eb4b7990825e71c748bb0308b1bc14cf8ccea3ea44cf2aef99c2740e6cb8ad"},{"RelativeFilePath":"SimObjects\\Airplanes\\FNX320_ GTWGTWAK \\TEXTURE.GTWGTWAK\\A320_TAIL_ALBD.PNG.DDS.json","Checksum":"fba7523d89319b96d1df5ab20f918838e6a72ac4638e7b1a3639817f6a0dfc54"},{"RelativeFilePath":"SimObjects\\Airplanes\\FNX320_ GTWGTWAK \\TEXTURE. GTWGTWAK\\A320_TAIL_COMP.PNG.DDS","Checksum":"ccc863da00d971c02c1da663dcbcaf32b53662eb0bba22efa1f83732db782c2f"},{"RelativeFilePath":"SimObjects\\Airplanes\\FNX320_ GTWGTWAK \\TEXTURE.GTWGTWAK\\A320_TAIL_COMP.PNG.DDS.json","Checksum":"12b4e0e5809419f40906557b28f26981ad6b9ab0b208e1ca97d138ee669c081a"},{"RelativeFilePath":"SimObjects\\Airplanes\\FNX320_ GTWGTWAK \\TEXTURE. GTWGTWAK \\A320_WINGLETS_ALBD.PNG.DDS","Checksum":"0931843a41d93e811001e09c07ddbc6f0553bc7da50acf9b3c05c19041d4c22b"},{"RelativeFilePath":"SimObjects\\Airplanes\\FNX320_ GTWGTWAK \\TEXTURE. GTWGTWAK \\A320_WINGLETS_ALBD.PNG.DDS.json","Checksum":"70b6e73242964d59d8250fda3099a1cd07d4af56b9cacf74d06e01051b6ffa14"},{"RelativeFilePath":"SimObjects\\Airplanes\\FNX320_ GTWGTWAK \\TEXTURE. GTWGTWAK \\A320_WING_L_ALBD.PNG.DDS","Checksum":"3bab92567fed1ad882f9550011401fa7bd45c569bfe80a54b2a1ca84a195ebc7"},{"RelativeFilePath":"SimObjects\\Airplanes\\FNX320_ GTWGTWAK \\TEXTURE. GTWGTWAK \\A320_WING_L_ALBD.PNG.DDS.json","Checksum":"9af4261dae4701f595078af3248bb6b6f8f45d75f49621626adcbd8a54b663be"},{"RelativeFilePath":"SimObjects\\Airplanes\\FNX320_ GTWGTWAK \\TEXTURE. GTWGTWAK \\A320_WING_R_ALBD.PNG.DDS","Checksum":"e0cfd260b52cf1670803ffcf0ded9d62ec2e9b62062ef69f683aaec0312f8384"},{"RelativeFilePath":"SimObjects\\Airplanes\\FNX320_ GTWGTWAK \\TEXTURE. GTWGTWAK \\A320_WING_R_ALBD.PNG.DDS.json","Checksum":"cd269adbe752fffa97d94c3efda418eb2823f7f2fa56a8fe810a254984886708"},{"RelativeFilePath":"SimObjects\\Airplanes\\FNX320_ GTWGTWAK \\TEXTURE.GTWGTWAK\\texture.CFG","Checksum":"1cf2e7d2470b86ed33ffb5adf6622bb7709324724149c053f3a68a0ca3d21eea"},{"RelativeFilePath":"SimObjects\\Airplanes\\FNX320_GTWGTWAK\\TEXTURE.GTWGTWAK\\thumbnail.JPG","Checksum":"aee1c3819f7edbf7a7aaf8122ce7037066b2008bc3d3be762e235bcba4557d4c"},{"RelativeFilePath":"SimObjects\\Airplanes\\FNX320_GTWGTWAK\\TEXTURE.GTWGTWAK\\thumbnail_small.JPG","Checksum":"164a5f5693f89ab793c35a4fd7bc8900af63e18a986aab7459c683d519ea2814"}]}