{
  "content": [
    {
      "path": "SimObjects/Airplanes/bksq_aircraft_tbm850_7G-WAX/aircraft.cfg",
      "size": 915,
      "date": 133410029908944799
    },
    {
      "path": "SimObjects/Airplanes/bksq_aircraft_tbm850_7G-WAX/panel.7G-WAX/PANEL.CFG",
      "size": 5549,
      "date": 133406703614072860
    },
    {
      "path": "SimObjects/Airplanes/bksq_aircraft_tbm850_7G-WAX/Texture.7G-WAX/TBM_AIRFRAMEAFT_ALBD.PNG.DDS",
      "size": 22369776,
      "date": 133410028503066504
    },
    {
      "path": "SimObjects/Airplanes/bksq_aircraft_tbm850_7G-WAX/Texture.7G-WAX/TBM_AIRFRAMEAFT_ALBD.PNG.DDS.json",
      "size": 102,
      "date": 133396780220000000
    },
    {
      "path": "SimObjects/Airplanes/bksq_aircraft_tbm850_7G-WAX/Texture.7G-WAX/TBM_AIRFRAMELEFT_ALBD.PNG.DDS",
      "size": 22369776,
      "date": 133410028416570102
    },
    {
      "path": "SimObjects/Airplanes/bksq_aircraft_tbm850_7G-WAX/Texture.7G-WAX/TBM_AIRFRAMELEFT_ALBD.PNG.DDS.json",
      "size": 102,
      "date": 133396780200000000
    },
    {
      "path": "SimObjects/Airplanes/bksq_aircraft_tbm850_7G-WAX/Texture.7G-WAX/TBM_AIRFRAMENOSE_ALBD.PNG.DDS",
      "size": 22369776,
      "date": 133410028262366843
    },
    {
      "path": "SimObjects/Airplanes/bksq_aircraft_tbm850_7G-WAX/Texture.7G-WAX/TBM_AIRFRAMENOSE_ALBD.PNG.DDS.json",
      "size": 102,
      "date": 133396780200000000
    },
    {
      "path": "SimObjects/Airplanes/bksq_aircraft_tbm850_7G-WAX/Texture.7G-WAX/TBM_AIRFRAMERIGHT_ALBD.PNG.DDS",
      "size": 22369776,
      "date": 133410028150115413
    },
    {
      "path": "SimObjects/Airplanes/bksq_aircraft_tbm850_7G-WAX/Texture.7G-WAX/TBM_AIRFRAMERIGHT_ALBD.PNG.DDS.json",
      "size": 102,
      "date": 133396780220000000
    },
    {
      "path": "SimObjects/Airplanes/bksq_aircraft_tbm850_7G-WAX/Texture.7G-WAX/TBM_AIRFRAMETAIL_ALBD.PNG.DDS",
      "size": 22369776,
      "date": 133410027996614838
    },
    {
      "path": "SimObjects/Airplanes/bksq_aircraft_tbm850_7G-WAX/Texture.7G-WAX/TBM_AIRFRAMETAIL_ALBD.PNG.DDS.json",
      "size": 102,
      "date": 133396780220000000
    },
    {
      "path": "SimObjects/Airplanes/bksq_aircraft_tbm850_7G-WAX/Texture.7G-WAX/TBM_SURFACES_ALBD.PNG.DDS",
      "size": 22369776,
      "date": 133410027868453244
    },
    {
      "path": "SimObjects/Airplanes/bksq_aircraft_tbm850_7G-WAX/Texture.7G-WAX/TBM_SURFACES_ALBD.PNG.DDS.json",
      "size": 102,
      "date": 133397318240000000
    },
    {
      "path": "SimObjects/Airplanes/bksq_aircraft_tbm850_7G-WAX/Texture.7G-WAX/TBM_WINGSLEADING_ALBD.PNG.DDS",
      "size": 22369776,
      "date": 133410027759543621
    },
    {
      "path": "SimObjects/Airplanes/bksq_aircraft_tbm850_7G-WAX/Texture.7G-WAX/TBM_WINGSLEADING_ALBD.PNG.DDS.json",
      "size": 102,
      "date": 133396780220000000
    },
    {
      "path": "SimObjects/Airplanes/bksq_aircraft_tbm850_7G-WAX/Texture.7G-WAX/TBM_WINGSTRAILING_ALBD.PNG.DDS",
      "size": 22369776,
      "date": 133410027630840053
    },
    {
      "path": "SimObjects/Airplanes/bksq_aircraft_tbm850_7G-WAX/Texture.7G-WAX/TBM_WINGSTRAILING_ALBD.PNG.DDS.json",
      "size": 102,
      "date": 133396780220000000
    },
    {
      "path": "SimObjects/Airplanes/bksq_aircraft_tbm850_7G-WAX/Texture.7G-WAX/texture.CFG",
      "size": 333,
      "date": 133404141051167585
    },
    {
      "path": "SimObjects/Airplanes/bksq_aircraft_tbm850_7G-WAX/Texture.7G-WAX/thumbnail.jpg",
      "size": 117216,
      "date": 133410027207193713
    },
    {
      "path": "SimObjects/Airplanes/bksq_aircraft_tbm850_7G-WAX/Texture.7G-WAX/thumbnail_small.jpg",
      "size": 117216,
      "date": 133410027288661507
    }
  ]
}